Name;Armor;Type;Tier;Proj. Fired;Dmg;Burst Size;Shots / sec;Ammo;Reload time;Blast Radius;DPS (Norm. reload);DPS (Act. reload);AR % Imp.;DPS (Miss reload);MAR % Pen.;Dmg / Shot;Dmg / Clip;DPS (Firing);Clip Length;Clip Ratio;Notes
Boerboel k;BA;AR;1;1;16;1;10.00;100;2.70;;125.98;140.97;11.9;119.63;5.0;16;1600;160.00;10.00;3.70;
Qhrqwhqhr Banger#;BA;AR;1;1;19;1;10.00;60;3.00;;126.67;152.00;20.0;116.92;7.7;19;1140;190.00;6.00;2.00;Bouncing
Ruchvalt-Shystem B-OMG;BA;AR;2;1;35;1;7.50;120;5.20;;198.11;225.81;14.0;186.67;5.8;35;4200;262.50;16.00;3.08;
VanSnaster Heavy Chaser*;BA;AR;2;1;24;3;1.43;60;2.80;;85.79;93.59;9.1;82.35;4.0;72;1440;102.96;13.99;5.00;Homing
Boerboel k3;BA;AR;3;1;32;1;10.00;100;2.60;;253.97;283.19;11.5;241.51;4.9;32;3200;320.00;10.00;3.85;
Ruchvalt-Shystem B-OMG!;BA;AR;3;1;56;1;7.50;120;5.20;;316.98;361.29;14.0;298.67;5.8;56;6720;420.00;16.00;3.08;
Hotfoot 1*;BA;AR;3;1;120;1;6.00;45;3.10;;509.43;596.69;17.1;474.73;6.8;120;5400;720.00;7.50;2.42;Incendiary
Qhrqwhqhr Chingon;BA;AR;3;1;100;1;2.73;100;3.20;;251.07;261.57;4.2;246.12;2.0;100;10000;273.00;36.63;11.45;
Boerboel k5;BA;AR;4;1;62;1;10.00;120;2.60;;509.59;559.40;9.8;487.87;4.3;62;7440;620.00;12.00;4.62;
Ruchvalt-Shystem B-OMG!!;BA;AR;4;1;107;1;7.50;140;5.00;;632.96;707.72;11.8;601.20;5.0;107;14980;802.50;18.67;3.73;
Hotfoot 2*;BA;AR;4;1;240;1;6.00;50;3.40;;1022.73;1196.01;16.9;953.64;6.8;240;12000;1440.00;8.33;2.45;Incendiary
VanSnaster Heavier Chaser*;BA;AR;4;1;77;3;1.43;66;2.80;;279.47;302.78;8.3;269.11;3.7;231;2082;330.33;15.38;5.49;Homing
Boerboel k6;BA;AR;5;1;124;1;10.00;120;2.60;;1019.18;1118.80;9.8;975.74;4.3;124;14880;1240.00;12.00;4.62;
Shystem Arms B-OMG;BA;AR;5;1;214;1;7.50;140;5.00;;1265.92;1415.43;11.8;1202.41;5.0;214;29960;1605.00;18.67;3.73;
Qhrqwhqhr Chingon le2;BA;AR;5;1;401;1;2.73;100;3.20;;1006.78;1048.91;4.2;986.95;2.0;401;40100;1094.73;36.63;11.45;
Boerboel k7;BA;AR;6;1;238;1;10.00;145;2.50;;2030.00;2191.11;7.9;1958.01;3.5;238;34510;2380.00;14.50;5.80;
Shystem Arms B-OMG II;BA;AR;6;1;405;1;7.50;175;4.80;;2519.25;2754.21;9.3;2416.19;4.1;405;70875;3037.50;23.33;4.86;
Hotfoot 5*;BA;AR;6;1;958;1;6.00;50;3.40;;4082.39;4774.09;16.9;3806.62;6.8;958;47900;5748.00;8.33;2.45;Incendiary
VanSnaster Heaviest Chaser*;BA;AR;6;1;303;3;1.43;72;2.80;;1114.02;1199.79;7.7;1075.57;3.5;909;21816;1299.87;16.78;5.99;Homing
Boerboel k9;BA;AR;7;1;479;1;10.00;145;2.60;;4061.70;4395.89;8.2;3912.96;3.7;479;69455;4790.00;14.50;5.58;
Shystem Arms B-OMG III;BA;AR;7;1;811;1;7.50;145;4.80;;4872.72;5410.81;11.0;4641.91;4.7;811;117595;6082.50;19.33;4.03;
Hotfoot 6*;BA;AR;7;1;1864;1;6.00;55;3.40;;8158.09;9434.36;15.6;7641.24;6.3;1864;102250;1184.00;9.17;2.70;Incendiary
Qhrqwhqhr Chingon le3;BA;AR;7;1;1605;1;2.73;100;3.20;;4029.62;4198.27;4.2;3950.28;2.0;1605;160500;4381.65;36.63;11.45;
Brougham ox;BA;RL;1;1;186;1;1.15;3;2.25;10;114.85;149.45;30.1;102.93;10.4;186;558;213.90;2.61;1.16;
Dos Tortugas#;BA;RL;1;2;466;1;0.71;2;2.00;20;386.97;488.35;26.2;350.58;9.4;932;1864;661.72;2.82;1.41;Air Tortoise speed
Brougham nx-Pyro;BA;RL;2;1;225;1;0.50;6;5.00;10;79.41;93.10;17.2;73.97;6.8;225;1350;112.50;12.00;2.40;
Brougham ox-Le;BA;RL;3;1;336;1;1.15;3;2.25;15;207.46;269.97;30.1;185.94;10.4;336;1008;386.40;2.61;1.16;
al-Din Desert Rose*;BA;RL;3;6;47;1;1.00;3;4.20;7;117.50;165.88;41.2;102.55;12.7;282;846;282.00;3.00;0.71;Airburst to homing
Brougham ox-LeBR;BA;RL;4;1;523;1;1.15;4;2.25;20;365.21;454.46;24.4;332.55;8.9;523;2092;601.45;3.48;1.55;
Armachd Reamhar;BA;RL;4;4;227;1;0.40;5;4.00;10;275.15;313.10;13.8;259.43;5.7;908;4540;363.20;12.50;3.13;Airburst to homing
Brougham ox-G;BA;RL;5;1;1047;1;1.15;4;2.25;20;731.11;909.79;24.4;665.74;8.9;1047;4188;1204.05;3.48;1.55;
al-Din Desert Rose +*;BA;RL;5;6;186;1;1.00;3;4.10;7;471.55;662.97;40.6;412.06;12.6;1116;3348;1116.00;3.00;0.73;Airburst to homing
Z13 MakoShark*;BA;RL;5;2;194;3;0.63;9;2.70;15;467.98;571.34;22.1;429.16;8.3;1164;3492;733.32;4.76;1.76;
Brougham ox-R;BA;RL;6;1;1918;1;1.15;5;2.25;20;1453.51;1752.29;20.6;1339.32;7.9;1918;9590;2205.70;4.35;1.93;
Armachd Reamhar V;BA;RL;6;8;807;1;0.40;5;3.80;15;1980.37;2241.67;13.2;1871.30;5.5;6456;32280;2582.40;12.50;3.29;Split airburst to homing
Grimhegern Splitzer*;BA;RL;6;5;359;1;1.25;8;1.80;10;1751.22;1967.12;12.3;1660.12;5.2;1795;14360;2243.75;6.40;3.56;
Brougham ox-ox;BA;RL;7;1;2877;1;1.15;5;2.25;30;2180.26;2628.44;20.6;2008.99;7.9;2877;14385;3308.55;4.35;1.93;
Armachd Reamhar VX;BA;RL;7;16;708;1;0.40;5;3.60;20;3518.01;3960.84;12.6;3331.76;5.3;11328;56640;4531.20;12.50;3.47;Split airburst to homing
al-Din Desert Rose ++*;BA;RL;7;6;520;1;N/A;1;2.00;20;1040.00;1560.00;50.0;891.43;14.3;3120;3120;N/A;N/A;N/A;Airburst
Grimhegern Splitzer b#;BA;RL;7;5;646;1;1.25;8;1.80;15;3151.22;3539.73;12.3;2987.28;5.2;3230;25840;4037.50;6.40;3.56;
Z15 Carcharias#;BA;RL;7;1;4199;1;N/A;1;1.50;30;1679.60;2399.43;42.9;1460.52;13.0;4199;4199;4199.00;1.00;0.67;
Wallagis DB;BA;ML;2;1;225;1;2.50;6;2.80;2;259.62;355.26;36.8;228.81;11.9;225;1350;562.50;2.40;0.86;
Leviticus Dobro;BA;ML;2;2;49;1;2.50;2;1.20;7;98.00;140.00;42.9;85.22;13.0;98;196;245.00;0.80;0.67;
Leviticus Dobro L;BA;ML;3;2;72;1;2.50;2;1.20;10;144.00;205.71;42.9;125.22;13.0;144;288;360.00;0.80;0.67;
Jagiri Systems ADD-H*;BA;ML;3;3;65;1;1.11;12;3.50;15;163.51;186.29;13.9;154.09;5.8;195;2340;216.45;10.81;3.09;Silicate-based only
Wallagis PopStar*;BA;ML;4;3;124;1;1.25;6;2.80;7;293.68;360.00;22.6;268.92;8.4;372;2232;465.00;4.80;1.71;
Air Tortoise*;BA;ML;4;1;9999;1;N/A;1;10.00;20;909.00;N/A;N/A;N/A;N/A;9999;9999;9999.00;N/A;N/A;No active reload
Wallagis LC;BA;ML;5;1;1006;1;2.50;6;2.70;10;1183.53;1609.60;36.0;1045.19;11.7;1006;6036;2515.00;2.40;0.89;
Wallagis PopStar 6*;BA;ML;5;4;155;1;1.25;6;2.60;15;502.70;609.84;21.3;462.11;8.1;620;3720;775.00;4.80;1.85;
Jagiri Systems ADD-H II#;BA;ML;5;4;188;1;1.11;14;3.50;15;653.40;733.01;12.2;619.75;5.2;752;10528;834.72;12.61;3.60;Silicate-based only
Wallagis MC;BA;ML;6;1;1584;1;2.50;8;2.70;10;2147.80;2785.05;29.7;1927.30;10.3;1584;12672;3960.00;3.20;1.19;
Leviticus Dobro LH;BA;ML;6;2;530;1;2.50;2;1.20;7;1060.00;1514.29;42.9;921.74;13.0;1060;2120;2650.00;0.80;0.67;
Wallagis AD;BA;ML;7;1;2068;1;2.50;8;2.60;20;2852.41;3676.44;28.9;2564.96;10.1;2068;16544;5170.00;3.20;1.23;
Leviticus Dobro M;BA;ML;7;2;807;1;2.50;2;1.20;20;1614.00;2305.71;42.9;1403.48;13.0;1614;3228;4035.00;0.80;0.67;2 auto locks
Wallagis PopStar 9*;BA;ML;7;5;439;1;1.25;6;2.55;20;1791.84;2167.90;21.0;1648.83;8.0;2195;13170;2743.75;4.80;1.88;
Jagiri Systems ADD-H III*;BA;ML;7;4;650;1;1.11;16;3.50;20;2322.15;2573.55;10.8;2214.01;4.7;2600;41600;2886.00;14.41;4.12;Silicate-based only
Brux Fab PIG;BA;GL;1;1;127;1;1.15;18;5.00;10;110.69;125.94;13.8;104.37;5.7;127;2286;146.05;15.65;3.13;
Armachd Scrios mk2;BA;GL;2;2;119;1;1.00;5;3.00;7;148.75;183.08;23.1;136.00;8.6;238;1190;238.00;5.00;1.67;Forked
C1 AirMail 1.1*;BA;GL;2;4;119;1;1.00;3;4.00;7;204.00;285.60;40.0;178.50;12.5;476;1428;476.00;3.00;0.75;Airburst
Brux Fab SOW;BA;GL;3;1;255;1;1.15;18;5.00;10;222.25;252.86;13.8;209.57;5.7;255;4590;293.25;15.65;3.13;
C1 AirMail 2.1*;BA;GL;3;4;181;1;1.00;3;4.00;10;310.29;434.40;40.0;271.50;12.5;724;2172;724.00;3.00;0.75;Airburst
Brux Fab HOG;BA;GL;4;1;447;1;1.15;20;5.00;15;399.26;449.44;12.6;378.15;5.3;447;8940;514.05;17.39;3.48;
Armachd Scrios mk2.2;BA;GL;4;2;271;1;1.00;6;3.00;20;361.33;433.60;20.0;333.54;7.7;542;3252;542.00;6.00;2.00;Forked
C1 AirMail 2.2*;BA;GL;4;5;290;1;1.00;3;4.00;10;621.43;870.00;40.0;543.75;12.5;1450;4350;1450.00;3.00;0.75;Airburst
Brux Fab Chowbrow#;BA;GL;4;4;129;1;2.00;8;4.00;10;516.00;688.00;33.3;458.67;11.1;516;4128;1032.00;4.00;1.00;Airburst
Brux Fab BOAR;BA;GL;5;1;894;1;1.15;20;5.00;15;798.52;898.89;12.6;756.30;5.3;894;17880;1028.10;17.39;3.48;
Armachd Scrios mk3;BA;GL;5;3;362;1;1.00;6;3.00;20;724.00;868.80;20.0;668.31;7.7;1086;6516;1086.00;6.00;2.00;
C1 AirMail 2.3*;BA;GL;5;5;445;1;1.00;4;4.00;15;1112.50;1483.33;33.3;988.89;11.1;2225;8900;2225.00;4.00;1.00;Airburst
Brux Fab JAVELINA;BA;GL;6;1;1321;1;1.43;22;5.00;20;1425.68;1624.97;14.0;1343.31;5.8;1321;29062;1889.03;15.38;3.08;
Armachd Scrios mk5;BA;GL;6;4;515;1;1.00;7;3.00;20;1442.00;1696.47;17.6;1341.40;7.0;2060;14420;2060.00;7.00;2.33;
C1 AirMail 3.1*;BA;GL;6;5;792;1;1.00;4;4.00;20;1980.00;2640.00;33.3;1760.00;11.1;3960;15840;3960.00;4.00;1.00;Airburst
Brux Fab TUSKER;BA;GL;7;1;1982;1;1.43;22;5.00;30;2139.06;2438.07;14.0;2015.47;5.8;1982;43604;2834.26;15.38;3.08;
Armachd Scrios mk4;BA;GL;7;4;990;1;1.00;8;3.00;20;2880.00;3334.74;15.8;2696.17;6.4;3960;31680;3960.00;8.00;2.67;Split
C1 AirMail 4.0*;BA;GL;7;6;1320;1;1.00;4;4.00;20;3960.00;5280.00;33.3;3520.00;11.1;7920;31680;7920.00;4.00;1.00;
Pesticide Mortar;BA;GL;8;1;500000;1;N/A;1;15.00;150;31250.00;N/A;N/A;N/A;N/A;500000;500000;N/A;N/A;N/A;Timed
FL014 BullenBeisser;BA;SH;1;6;17;1;2.00;15;3.50;;139.09;165.41;18.9;128.84;7.4;102;1530;204.00;7.50;2.14;
Flenser 5000#;BA;SH;1;10;20;1;1.00;6;1.20;;166.67;181.82;9.1;160.00;4.0;200;1200;200.00;6.00;5.00;Wide, bouncing
FL017 BullenBeisser;BA;SH;3;6;34;1;2.00;15;3.50;;278.18;330.81;18.9;257.68;7.4;204;3060;408.00;7.50;2.14;
CG-CPL "Burner";BA;SH;3;6;140;1;1.43;4;2.20;;672.38;862.16;28.2;605.71;9.9;840;3360;1201.20;2.80;1.27;Incendiary
Flenser 5000 2*;BA;SH;3;10;40;1;1.00;6;1.20;;333.33;363.64;9.1;320.00;4.0;400;2400;400.00;6.00;5.00;
FL104 BullenBeisser;BA;SH;4;6;64;1;2.00;18;3.50;;552.96;642.98;16.3;516.79;6.5;384;6912;768.00;9.00;2.57;
CG-CPL "Beehive";BA;SH;4;6;63;1;1.50;4;2.20;;310.68;401.42;29.2;279.14;10.2;378;1512;567.00;2.67;1.21;Homing
C9 Turnburl x#;BA;SH;4;4;85;1;2.50;8;2.50;;477.19;611.24;28.1;430.04;9.9;340;2720;850.00;3.20;1.28;Piercing
FM171 BullenBeisser;BA;SH;5;6;127;1;2.00;18;3.40;;1106.13;1281.87;15.9;1035.17;6.4;762;13716;1524.00;9.00;2.65;
CG-CPL "Burnhive";BA;SH;5;6;254;1;1.50;4;2.20;;1252.60;1618.41;29.2;1125.42;10.2;1524;6096;2286.00;2.67;1.21;Incendiary Homing
Flenser 5000 3*;BA;SH;5;10;159;1;1.00;6;1.20;;1325.00;1445.45;9.1;1272.00;4.0;1590;9540;1590.00;6.00;5.00;Bouncing
FM226 BullenBeisser;BA;SH;6;6;236;1;2.00;21;3.00;;2202.67;2478.00;12.5;2086.74;5.3;1416;29736;2832.00;10.50;3.50;
Flenser KR-5k*;BA;SH;6;10;304;1;1.00;8;1.25;;2629.19;2819.71;7.2;2543.27;3.3;3040;24320;3040.00;8.00;6.40;
FS270 BullenBeisser;BA;SH;7;6;485;1;2.00;21;3.40;;4396.40;5009.02;13.9;4143.05;5.8;2910;61110;5820.00;10.50;3.09;
CG-CPL "AirBurner";BA;SH;7;6;350;1;1.50;4;2.15;;1743.94;2244.99;28.7;1568.87;10.0;2100;8400;3150.00;2.67;1.24;Airburst flechettes
Flenser Ultra*;BA;SH;7;10;608;1;1.00;8;1.25;;5258.38;5639.42;7.2;5086.54;3.3;6080;48640;6080.00;8.00;6.40;
Hasslex B/PX;JT;AR;1;1;25;1;7.50;35;3.00;;114.13;141.89;24.3;103.96;8.9;25;875;187.50;4.67;1.56;
VanSnaster Plasma X^;JT;AR;1;4;43;1;2.50;10;1.80;;296.55;351.02;18.4;275.20;7.2;172;1720;430.00;4.00;2.22;Forking
Neptanzer Q;JT;AR;2;4;16;1;3.00;28;2.00;;158.12;173.42;9.7;151.44;4.2;64;1792;192.00;9.33;4.67;
Flenser Plaz T;JT;AR;2;1;42;1;5.00;25;2.20;;145.83;172.13;18.0;135.48;7.1;42;1050;210.00;5.00;2.27;Bouncing
Hasslex C/PX;JT;AR;3;1;48;1;7.50;40;3.00;;230.40;280.98;22.0;211.38;8.3;48;1920;360.00;5.33;1.78;
Neptanzer Qt;JT;AR;3;4;26;1;3.00;28;2.00;;256.94;281.81;9.7;246.08;4.2;104;2912;312.00;9.33;4.67;
Plantain Ind. Sique1*;JT;AR;3;1;57;1;6.00;18;5.00;;128.25;186.55;45.5;110.92;13.5;57;1026;342.00;3.00;0.60;Homing
Hasslex D/PX;JT;AR;4;1;97;1;7.50;40;3.00;;465.60;567.80;22.0;427.16;8.3;97;3880;727.50;5.33;1.78;
Neptanzer Qu;JT;AR;4;4;51;1;3.00;28;2.00;;504.00;552.77;9.7;482.70;4.2;204;5712;612.00;9.33;4.67;
Flenser Plaz TD;JT;AR;4;1;119;1;6.00;25;2.20;;467.28;564.87;20.9;430.12;8.0;119;2975;714.00;4.17;1.89;Bouncing
Plantain Ind. Sique2*;JT;AR;4;1;103;1;6.00;21;5.00;;254.47;360.50;41.7;221.85;12.8;103;2163;618.00;3.50;0.70;Homing
Hasslex E/PX;JT;AR;5;1;185;1;7.50;45;3.00;;925.00;1110.00;20.0;853.85;7.7;185;8325;1387.50;6.00;2.00;
Neptanzer Qv;JT;AR;5;4;100;1;3.00;30;1.90;;1008.40;1095.89;8.7;969.70;3.8;400;12000;1200.00;10.00;5.26;
Flenser Plaz TR;JT;AR;5;1;259;1;5.00;28;2.20;;929.74;1082.39;16.4;868.50;6.6;259;7252;1295.00;5.60;2.55;Bouncing
Plantain Ind. Sique3*;JT;AR;5;1;206;1;6.00;21;5.00;;508.94;721.00;41.7;443.69;12.8;206;4326;1236.00;3.50;0.70;Homing
Hasslex F/PX;JT;AR;6;1;370;1;7.50;45;3.00;;1850.00;2220.00;20.0;1707.69;7.7;370;16650;2775.00;6.00;2.00;
Neptanzer Qw;JT;AR;6;4;200;1;3.00;30;1.90;;2016.81;2191.78;8.7;1939.39;3.8;800;24000;2400.00;10.00;5.26;
Flenser Plaz TX;JT;AR;6;1;518;1;5.00;28;2.20;;1859.49;2164.78;16.4;1737.01;6.6;518;14504;2590.00;5.60;2.55;Bouncing?
Plantain Ind. Sique4*;JT;AR;6;1;401;1;6.00;22;5.00;;1017.92;1430.59;40.5;889.61;12.6;401;8822;2406.00;3.67;0.73;Homing
Hasslex G/PX;JT;AR;7;1;714;1;7.50;50;3.00;;3693.10;4371.43;18.4;3427.20;7.2;714;35700;5355.00;6.67;2.22;
Neptanzer Qz;JT;AR;7;4;397;1;3.00;32;1.90;;4043.71;4374.40;8.2;3896.43;3.6;1588;50816;4764.00;10.67;5.61;
Flenser Plaz TZ;JT;AR;7;1;996;1;4.00;32;2.20;;3124.71;3502.42;12.1;2964.84;5.1;996;31872;3984.00;8.00;3.64;
Plantain Ind. Sique5*;JT;AR;7;1;803;1;6.00;22;5.00;;2038.38;2864.76;40.5;1781.45;12.6;803;17666;4818.00;3.67;0.73;Homing
Neptanzer QH Proto^;JT;AR;7;4;648;1;2.50;10;2.95;;3729.50;4734.25;26.9;3371.71;9.6;2592;25920;6480.00;4.00;1.36;
Leichenzeit OW11;JT;RL;2;1;162;1;1.11;10;4.00;7;124.53;147.15;18.2;115.64;7.1;162;1620;179.82;9.01;2.25;
Leichenzeit AP 1;JT;RL;2;1;99;1;1.30;6;1.80;7;92.59;107.70;16.3;86.52;6.6;99;594;128.70;4.62;2.56;Piercing
Leichenzeit OW13;JT;RL;3;1;259;1;1.11;10;4.00;7;199.09;235.26;18.2;184.88;7.1;259;2590;287.49;9.01;2.25;
al-Din Najmah^;JT;RL;3;3;118;1;0.88;4;3.00;10;187.66;234.23;24.8;170.70;9.0;354;1416;311.52;4.55;1.52;
Leichenzeit OW27;JT;RL;4;1;474;1;1.11;10;3.80;10;370.05;434.50;17.4;344.50;6.9;474;4740;526.14;9.01;2.37;
Leichenzeit AP 2;JT;RL;4;1;261;1;1.30;6;1.70;15;247.97;286.53;15.6;232.33;6.3;261;1566;339.30;4.62;2.71;Piercing
Armachd Fearthainn*;JT;RL;4;5;515;1;0.67;2;2.20;7;993.24;1260.69;26.9;897.98;9.6;2575;5150;1725.25;2.99;1.36;Airburst
Leichenzeit OW38;JT;RL;5;1;898;1;1.11;12;3.80;10;737.54;847.78;14.9;692.51;6.1;898;10776;996.78;10.81;2.84;
al-Din Najmah h*;JT;RL;5;3;379;1;0.88;5;3.00;15;654.82;791.58;20.9;602.75;8.0;1137;5685;1000.56;5.68;1.89;
Leichenzeit OW40;JT;RL;6;1;1556;1;1.11;12;3.60;15;1295.69;1480.63;14.3;1219.53;5.9;1556;18672;1727.16;10.81;3.00;
Leichenzeit AP3;JT;RL;6;1;774;1;1.30;6;1.60;20;747.18;857.56;14.8;702.00;6.0;774;4644;1006.20;4.62;2.88;Piercing
Armachd Fearthainn a*;JT;RL;6;5;1962;1;0.67;2;2.20;10;3783.94;4802.85;26.9;3421.05;9.6;9810;19620;6572.70;2.99;1.36;Airburst
Leichenzeit OW41;JT;RL;7;1;2344;1;1.11;12;3.60;;1951.87;2230.47;14.3;1837.13;5.9;2344;28128;2601.84;10.81;3.00;
al-Din Najmah he;JT;RL;7;3;1072;1;0.88;6;3.00;20;1965.33;2319.74;18.0;1825.86;7.1;3216;19296;2830.08;6.82;2.27;
Armachd Fearthainn b*;JT;RL;7;5;3531;1;0.67;2;2.20;15;6809.93;8643.66;26.9;6156.85;9.6;17655;35310;11828.85;2.99;1.36;Airburst
GoatShrike FNG;JT;ML;1;2;51;1;1.03;6;2.30;2;75.32;87.74;16.5;70.34;6.6;102;612;105.06;5.83;2.53;
Brewbreaux 08b-m^;JT;ML;1;4;25;1;0.75;6;3.25;7;53.33;62.34;16.9;49.74;6.7;100;600;75.00;8.00;2.46;
AT-11 Skillet;JT;ML;2;3;42;1;0.77;12;5.00;2;73.45;83.61;13.8;69.25;5.7;126;1512;97.02;15.58;3.12;
GoatShrike 28;JT;ML;3;3;47;1;1.03;6;2.20;7;105.42;122.16;15.9;98.66;6.4;141;846;145.23;5.83;2.65;3 locks
BZ Plaxicore*;JT;ML;3;4;56;1;0.79;4;3.50;7;104.63;131.51;25.7;94.93;9.3;224;896;176.96;5.06;1.45;
AT-12 Skillet;JT;ML;3;3;54;1;0.77;14;5.00;7;97.84;109.66;12.1;92.83;5.1;162;2268;124.74;18.18;3.64;
Jagiri Systems ADD-P;JT;ML;3;1;117;8;0.75;8;3.40;10;197.75;308.57;56.0;167.64;15.2;936;936;702.00;1.33;0.39;Silicate-based only
GoatShrike 36;JT;ML;4;3;107;1;1.03;7;2.20;10;249.77;284.57;13.9;235.38;5.8;321;2247;330.63;6.80;3.09;3 locks
BZ Plaxicore s*;JT;ML;4;4;107;1;0.79;4;3.50;10;199.92;251.27;25.7;181.39;9.3;428;1712;338.12;5.06;1.45;
GoatShrike 67;JT;ML;5;4;152;1;1.03;7;2.20;10;473.09;539.00;13.9;445.84;5.8;608;4256;626.24;6.80;3.09;4 locks
AT-13b Skillet;JT;ML;5;4;173;1;0.77;14;4.60;0;425.25;473.00;11.2;404.82;4.8;692;9688;532.84;18.18;3.95;
Jagiri Systems ADD-P II;JT;ML;5;1;393;8;0.35;16;3.40;15;689.91;848.09;22.9;631.05;8.5;3144;6288;1100.40;5.71;1.68;Silicate-based only
GoatShrike 82;JT;ML;6;5;194;1;1.11;8;2.10;15;833.76;939.79;12.7;789.24;5.3;970;7760;1076.70;7.21;3.43;5 locks
BZ Plaxicore se*;JT;ML;6;4;389;1;0.79;5;3.40;10;799.66;968.97;21.2;735.41;8.0;1556;7780;1229.24;6.33;1.86;
GoatShrike 110e;JT;ML;7;5;440;1;1.11;8;2.10;7;1891.01;2131.47;12.7;1790.04;5.3;2200;17600;2442.00;7.21;3.43;5 locks
BZ Plaxicore t*;JT;ML;7;4;701;1;0.79;5;3.40;15;1441.04;1746.15;21.2;1325.25;8.0;2804;14020;2215.16;6.33;1.86;
AT-14 Skillet;JT;ML;7;4;450;1;0.77;16;4.60;20;1134.79;1247.88;10.0;1085.60;4.3;1800;28800;1386.00;20.78;4.52;
Jagiri Systems ADD-P III;JT;ML;7;1;1572;8;0.35;16;3.40;15;2759.62;3392.37;22.9;2524.22;8.5;12576;25152;4401.60;5.71;1.68;Silicate-based only
Bohampscious X;JT;GL;1;3;37;1;1.36;6;2.35;7;98.49;119.21;21.0;90.62;8.0;111;666;150.96;4.41;1.88;
Pepposo D^;JT;GL;1;1;42;1;3.00;24;3.50;7;87.65;103.38;17.9;81.45;7.1;42;1008;126.00;8.00;2.29;
P19 Pestilox;JT;GL;2;1;161;1;0.91;20;5.00;7;119.36;131.55;10.2;114.07;4.4;161;3220;146.51;21.98;4.40;
Bohampscious Xc;JT;GL;3;3;69;1;1.36;6;2.25;10;186.44;224.32;20.3;171.92;7.8;207;1242;281.52;4.41;1.96;
Pepposo D mod1*;JT;GL;3;1;77;1;3.00;26;3.50;10;164.55;192.19;16.8;153.51;6.7;77;2002;231.00;8.67;2.48;
Bohampscious Xd;JT;GL;4;3;125;1;1.36;8;2.25;10;368.90;428.12;16.1;345.03;6.5;375;3000;510.00;5.88;2.61;
P20 Pestilox;JT;GL;4;1;472;1;0.91;24;4.80;10;363.38;393.69;8.3;349.91;3.7;472;11328;429.52;26.37;5.49;
Hasslex Hamadryad^;JT;GL;4;6;83;1;1.00;4;4.25;10;241.45;325.22;34.7;213.91;11.4;498;1992;498.00;4.00;0.94;Airburst to guided
Bohampscious Xq;JT;GL;5;3;248;1;1.36;8;2.15;10;741.00;855.50;15.5;694.53;6.3;744;5952;1011.84;5.88;2.74;
Pepposo D mod2*;JT;GL;5;1;278;1;3.00;26;3.50;15;594.08;693.89;16.8;554.22;6.7;278;7228;834.00;8.67;2.48;
Bohampscious Xr;JT;GL;6;4;315;1;1.36;10;2.15;15;1325.91;1495.03;12.8;1254.92;5.4;1260;12600;1713.60;7.35;3.42;
P21 Pestilox;JT;GL;6;1;1698;1;0.91;24;4.80;15;1307.26;1416.30;8.3;1258.80;3.7;1698;40752;1545.18;26.37;5.49;
Pepposo D mod3*;JT;GL;6;1;557;1;3.00;26;3.50;15;1190.30;1390.27;16.8;1110.44;6.7;557;14482;1671.00;8.67;2.48;
Bohampscious Z;JT;GL;7;4;631;1;1.36;10;2.15;20;2656.02;2994.80;12.8;2513.83;5.4;2524;25240;3432.64;7.35;3.42;
P22 Pestilox;JT;GL;7;1;2941;1;0.91;28;4.70;20;2321.67;2486.41;7.1;2247.23;3.2;2941;82348;2676.31;30.77;6.55;
Pepposo D mod4*;JT;GL;7;1;1069;1;3.00;30;3.50;15;2375.56;2729.36;14.9;2230.96;6.1;1069;32070;3207.00;10.00;2.86;
Rhinoctor Plaz D6;JT;SR;1;1;196;1;1.00;4;3.00;;112.00;142.55;27.3;101.16;9.7;196;784;196.00;4.00;1.33;
Cepuelta-EPS*;JT;SR;2;1;381;1;0.67;4;4.00;;152.86;191.21;25.1;138.92;9.1;381;1524;255.27;5.97;1.49;
Rhinoctor Plaz D6f;JT;SR;3;1;381;1;1.00;4;2.80;;224.12;282.22;25.9;203.20;9.3;381;1524;381.00;4.00;1.43;
Cepuelta-EPS v4;JT;SR;3;1;248;1;2.00;8;3.90;;251.14;333.45;32.8;223.55;11.0;248;1984;496.00;4.00;1.03;
Rhinoctor Plaz D7;JT;SR;4;1;761;1;1.00;4;2.80;;447.65;563.70;25.9;405.87;9.3;761;3044;761.00;4.00;1.43;
Cepuelta-EPS v2*;JT;SR;4;1;1206;1;0.67;4;3.90;;488.75;609.08;24.6;444.81;9.0;1206;4824;808.02;5.97;1.53;
Plantain Ind. Snapback 5.56^;JT;SR;4;1;438;1;0.91;6;2.50;;289.00;335.06;15.9;270.41;6.4;438;2628;398.58;6.59;2.64;Homing
Rhinoctor Plaz D9;JT;SR;5;1;1523;1;1.00;4;2.80;;895.88;1128.15;25.9;812.27;9.3;1523;6092;1523.00;4.00;1.43;
Cepuelta-EPS v5;JT;SR;5;1;889;1;2.00;10;3.90;;998.88;1279.14;28.1;900.25;9.9;889;8890;1778.00;5.00;1.28;
Plantain Ind. Torchee^;JT;SR;5;1;2084;1;N/A;1;2.50;;595.43;926.22;55.6;505.21;15.2;2084;2084;2084.00;N/A;N/A;Incendiary
Rhinoctor Plaz DN9;JT;SR;6;1;3002;1;1.00;4;2.70;;1792.24;2244.49;25.2;1628.20;9.2;3002;12008;3002.00;4.00;1.48;
Cepuelta-EPS v3*;JT;SR;6;1;4569;1;0.70;4;3.75;;1931.05;2408.13;24.7;1757.01;9.0;4569;18276;3198.30;5.71;1.52;
Rhinoctor Plaz DV;JT;SR;7;1;5155;1;1.00;6;2.70;;3555.17;4208.16;18.4;3299.20;7.2;5155;30930;5155.00;6.00;2.22;
Cepuelta-EPS v6;JT;SR;7;1;3240;1;2.00;12;3.75;;3987.69;4937.14;23.8;3637.89;8.8;3240;38880;6480.00;6.00;1.60;
Plantain Ind. Torchee k*;JT;SR;7;1;7430;1;N/A;1;2.20;;2321.88;3538.10;52.4;1981.33;14.7;7430;7430;N/A;N/A;N/A;Incendiary
Lyzander Style*;JT;SR;7;1;2683;1;3.33;4;2.00;;3352.49;4875.52;45.4;2899.60;13.5;2683;10732;8934.39;1.20;0.60;
Pesticide Rifle;JT;SR;8;1;500000;1;N/A;1;3;150;125000;N/A;N/A;N/A;N/A;500000;500000;N/A;N/A;N/A;
VanSnaster 11-1;TA;AR;1;1;25;1;7.50;20;2.00;;107.14;136.36;27.3;96.77;9.7;25;500;187.50;2.67;1.33;
Ruchvalt-Shystem PDW-T;TA;AR;2;1;19;1;10.00;70;3.50;;126.67;152.00;20.0;116.92;7.7;19;1330;190.00;7.00;2.00;
Bx-18 Fonbisco H;TA;AR;2;1;17;3;1.67;48;2.30;;68.68;76.04;10.7;65.51;4.6;51;816;85.17;9.58;4.17;Homing
Norwood APSMG*;TA;AR;2;1;24;5;1.58;40;2.50;;126.93;152.06;19.8;117.24;7.6;120;960;189.60;5.06;2.03;Piercing?
VanSnaster 11-2;TA;AR;3;1;45;1;7.50;25;2.00;;210.94;259.62;23.1;192.86;8.6;45;1125;337.50;3.33;1.67;
Ruchvalt-Shystem PDW-T6;TA;AR;3;1;31;1;10.00;70;3.50;;206.67;248.00;20.0;190.77;7.7;31;2170;310.00;7.00;2.00;
Norwood APSMG vB*;TA;AR;3;1;32;5;2.14;40;2.40;;208.53;259.20;24.3;189.96;8.9;160;1280;342.40;3.74;1.56;Piercing
VanSnaster 11-3;TA;AR;4;1;70;1;10.00;30;2.00;;420.00;525.00;25.0;381.82;9.1;70;2100;700.00;3.00;1.50;
Shystem Arms PDW-T7;TA;AR;4;1;60;1;10.00;75;3.50;;409.09;486.49;18.9;378.95;7.4;60;4500;600.00;7.50;2.14;
Bx-18 Fonbisco HII;TA;AR;4;1;56;3;1.67;48;2.30;;226.25;250.49;10.7;215.80;4.6;168;2688;280.56;9.58;4.17;Homing
VanSnaster SpreadBurst#;TA;AR;4;4;34;3;2.00;24;2.30;;518.10;633.79;22.3;474.76;8.4;408;3264;816.00;4.00;1.74;Horizontal spread
VanSnaster 11-4;TA;AR;5;1;140;1;10.00;30;2.00;;840.00;1050.00;25.0;763.64;9.1;140;4200;1400.00;3.00;1.50;
Shystem Arms PDW-T8;TA;AR;5;1;119;1;10.00;75;3.40;;818.81;970.11;18.5;759.57;7.2;119;8925;1190.00;7.50;2.21;
Norwood APSMG vC*;TA;AR;5;1;128;5;2.14;40;2.40;;834.10;1036.79;24.3;759.83;8.9;640;5120;1369.60;3.74;1.56;Piercing
VanSnaster 11-5;TA;AR;6;1;240;1;10.00;45;2.00;;1661.54;1963.64;18.2;1542.86;7.1;240;10800;2400.00;4.50;2.25;
Shystem Arms PDW-T9;TA;AR;6;1;223;1;10.00;90;3.30;;1631.71;1884.51;15.5;1529.14;6.3;223;20070;2230.00;9.00;2.73;
Bx-18 Fonbisco HIII;TA;AR;6;1;213;3;1.67;60;2.30;;895.21;973.64;8.8;860.55;3.9;639;12780;1067.13;11.98;5.21;Homing
Norwood APSMG vD*;TA;AR;6;1;217;5;2.14;60;2.30;;1646.54;1926.75;17.0;1534.93;6.8;1085;13020;2321.90;5.61;2.44;Piercing
VanSnaster 11-6;TA;AR;7;1;464;1;10.00;50;2.00;;3314.29;3866.67;16.7;3093.33;6.7;464;23200;4640.00;5.00;2.50;
Shystem Arms PDW-TP;TA;AR;7;1;436;1;10.00;90;3.00;;3270.00;3737.14;14.3;3077.65;5.9;436;39240;4360.00;9.00;3.00;
Bx-18 Fonbisco H4;TA;AR;7;1;418;3;1.67;60;2.00;;1794.50;1932.79;7.7;1732.52;3.5;1254;25080;2094.18;11.98;5.99;Homing
Norwood APSMG vE*;TA;AR;7;1;429;5;2.14;60;2.20;;3296.84;3837.51;16.4;3079.88;6.6;2145;25740;4590.30;5.61;2.55;Piercing
Wennyn-Seltura B28;TA;RL;2;1;145;1;1.25;4;1.80;7;116.00;141.46;22.0;106.42;8.3;145;580;181.25;3.20;1.78;
Lipdikro VanGlorious*;TA;RL;2;3;53;1;0.91;8;2.50;7;112.65;126.68;12.4;106.75;5.2;159;1272;144.69;8.79;3.52;Airburst
Wennyn-Seltura B28b;TA;RL;3;1;206;1;1.25;4;1.80;10;164.80;200.98;22.0;151.19;8.3;206;824;257.50;3.20;1.78;
Lipdikro Borealis*;TA;RL;3;3;84;1;0.91;8;2.50;7;178.55;200.77;12.4;169.18;5.2;252;2016;229.32;8.79;3.52;Airburst
Wennyn-Seltura B29;TA;RL;4;1;405;1;1.25;4;1.70;10;330.61;400.00;21.0;304.23;8.0;405;1620;506.25;3.20;1.88;
Lipdikro Sideshow;TA;RL;4;3;160;1;0.91;10;2.50;7;355.85;392.19;10.2;340.09;4.4;480;4800;436.80;10.99;4.40;Airburst
T-18 Nungus;TA;RL;4;6;78;1;0.67;3;3.00;7;187.76;234.88;25.1;170.64;9.1;468;1404;313.56;4.48;1.49;Airburst to guided
Wennyn-Seltura B30;TA;RL;5;1;704;1;1.25;4;1.70;15;574.69;695.31;21.0;528.83;8.0;704;2816;880.00;3.20;1.88;
T-19 Nungus;TA;RL;5;6;149;1;0.67;3;3.00;10;358.67;448.67;25.1;325.98;9.1;894;2682;598.98;4.48;1.49;Airburst to guided
Wennyn-Seltura B32;TA;RL;6;1;1236;1;1.36;4;1.50;15;1113.22;1339.41;20.3;1026.54;7.8;1236;4944;1680.96;2.94;1.96;
Lipdikro Spanner*;TA;RL;6;3;642;1;0.91;10;2.50;7;1427.83;1573.66;10.2;1364.60;4.4;1926;19260;1752.66;10.99;4.40;
T-20 Nungus;TA;RL;6;6;224;1;0.67;5;3.00;15;642.28;749.78;16.7;599.32;6.7;1344;6720;900.48;7.46;2.49;Airburst to guided
Wennyn-Seltura B33;TA;RL;7;1;1854;1;1.36;6;1.50;20;1881.67;2155.08;14.5;1769.43;6.0;1854;11124;2521.44;4.41;2.94;
Lipdikro Vole*;TA;RL;7;3;1283;1;0.91;10;2.50;7;2853.43;3144.86;10.2;2727.08;4.4;3849;38490;3502.59;10.99;4.40;Airburst
T-21 Nungus;TA;RL;7;6;397;1;0.67;5;3.00;20;1138.33;1328.84;16.7;1062.19;6.7;2382;11910;1595.94;7.46;2.49;Airburst to guided
Leviticus O1W;TA;ML;1;1;161;1;1.43;4;1.80;2;140.09;174.19;24.3;127.60;8.9;161;644;230.23;2.80;1.55;
Wiltton Pinedog#;TA;ML;1;4;16;1;0.91;10;2.90;7;46.08;51.45;11.7;43.79;5.0;64;640;58.24;10.99;3.79;Airburst
O/DMS-M1;TA;ML;2;1;160;4;1.50;4;3.50;2;153.60;264.83;72.4;126.94;17.4;640;640;960.00;0.67;0.19;
Leviticus O2W;TA;ML;3;1;229;1;1.43;4;1.80;2;199.25;247.75;24.3;181.49;8.9;229;916;327.47;2.80;1.55;
Long Wattkins*;TA;ML;3;3;61;1;0.67;6;3.50;10;88.16;102.57;16.3;82.37;6.6;183;1098;122.61;8.96;2.56;Airburst
Leviticus O3W;TA;ML;4;1;362;1;1.50;5;1.80;7;352.60;427.56;21.3;324.18;8.1;362;1810;543.00;3.33;1.85;
Long Wattkins nur*;TA;ML;4;4;92;1;0.67;6;3.50;10;177.28;206.25;16.3;165.64;6.6;368;2208;246.56;8.96;2.56;Airburst
O/DMS-M2;TA;ML;4;1;513;4;1.50;4;3.50;2;492.48;849.10;72.4;407.01;17.4;2052;2052;3078.00;0.67;0.19;
Wallagis 1776 L^;TA;ML;4;6;78;1;0.67;4;4.00;7;187.76;234.88;25.1;170.64;9.1;468;1872;313.56;5.97;1.49;Airburst
Leviticus O4W;TA;ML;5;1;599;1;1.50;5;1.80;7;583.44;707.48;21.3;536.42;8.1;599;2995;898.50;3.33;1.85;
Long Wattkins mur*;TA;ML;5;5;132;1;0.67;6;3.40;15;320.51;371.65;16.0;299.88;6.4;660;3960;442.20;8.96;2.63;
Leviticus O1MPV*;TA;ML;5;1;1435;2;0.56;20;4.00;;1313.07;1445.32;10.1;1255.63;4.4;2870;28700;1607.20;17.86;4.46;2 manual locks
Leviticus 05W;TA;ML;6;1;1100;1;1.50;6;1.80;7;1137.93;1346.94;18.4;1056.00;7.2;1100;6600;1650.00;4.00;2.22;
O/DMS-M3;TA;ML;6;1;1276;5;1.20;5;3.50;15;1472.31;2469.68;67.7;1224.96;16.8;6380;6380;7656.00;0.83;0.24;
Leviticus 06W;TA;ML;7;1;2096;1;1.50;6;1.80;10;2168.28;2566.53;18.4;2012.16;7.2;2096;12576;3144.00;4.00;2.22;
Longest Wattkins*;TA;ML;7;6;387;1;0.67;6;3.3;20;1136.82;1313.69;15.6;1065.12;6.3;2322;13932;1555.74;8.96;2.71;Airburst
O/DMS-M4;TA;ML;7;1;1958;6;1.00;6;3.50;20;2610.67;4272.00;63.6;2185.67;16.3;11748;11748;11748.00;1.00;0.29;
Orligan/Darnhart Plow^;TA;ML;7;1;1809;1;1.43;4;1.80;7;1574.00;1957.16;24.3;1433.67;8.9;1809;7236;2586.87;2.80;1.55;
Pesticide Missile;TA;ML;8;1;500000;1;N/A;1;15.00;150;31250.00;N/A;N/A;N/A;N/A;N/A;500000;500000;N/A;N/A;
C68 Maldoror;TA;GL;1;1;101;1;1.07;8;3.00;7;77.12;90.01;16.7;71.97;6.7;101;808;108.07;7.48;2.49;
Bohampscious Coiler Exp^;TA;GL;1;5;117;1;1.00;4;2.50;7;360.00;445.71;23.8;328.42;8.8;585;2340;585.00;4.00;1.60;Timed
d442 Stickerburr;TA;GL;2;4;63;1;1.11;4;3.50;10;141.90;188.28;32.7;126.34;11.0;252;1008;279.72;3.60;1.03;Airburst to sticky
C73 Maldoror;TA;GL;3;1;191;1;1.15;8;2.90;7;155.02;181.76;17.2;144.40;6.9;191;1528;219.65;6.96;2.40;
Ewor Inc. ed-106*;TA;GL;3;4;40;1;0.83;16;8.00;15;93.85;109.98;17.2;87.44;6.8;160;2560;132.80;19.28;2.41;Airburst to guided
C81 Maldoror;TA;GL;4;1;359;1;1.15;8;2.80;10;294.37;343.68;16.8;274.66;6.7;359;2872;412.85;6.96;2.48;
Ewor Inc. ed-206*;TA;GL;4;4;80;1;0.83;16;7.75;15;189.44;221.15;16.7;176.77;6.7;320;5120;265.60;19.28;2.49;Airburst to guided
C88 Maldoror;TA;GL;5;1;719;1;1.15;8;2.80;10;589.55;688.32;16.8;550.09;6.7;719;5752;826.85;6.96;2.48;
d443 Stickerburr;TA;GL;5;4;359;1;1.11;5;3.40;10;908.34;1157.22;27.4;820.15;9.7;1436;7180;1593.96;4.50;1.32;Airburst to sticky
Ewor Inc. ed-306*;TA;GL;5;4;175;1;0.83;16;7.50;10;418.27;486.38;16.3;390.90;6.5;700;11200;581.00;19.28;2.57;Airburst to guided
C90 Maldoror;TA;GL;6;1;1170;1;1.20;10;2.70;15;1060.42;1208.26;13.9;999.29;5.8;1170;11700;1404.00;8.33;3.09;
d444 Stickerburr;TA;GL;6;5;478;1;1.11;6;3.40;15;1628.55;2018.18;23.9;1485.18;8.8;2390;14340;2652.90;5.41;1.59;Airburst to sticky
Ewor Inc. ed-406*;TA;GL;6;5;278;1;0.83;16;7.25;10;838.39;971.09;15.8;784.77;6.4;1390;22240;1153.70;19.28;2.66;Airburst to guided
C93 Maldoror;TA;GL;7;1;2340;1;1.20;10;2.70;15;2120.85;2416.52;13.9;1998.58;5.8;2340;23400;2808.00;8.33;3.09;
d445 Stickerburr;TA;GL;7;5;1038;1;1.11;6;3.20;10;3618.66;4445.14;22.8;3310.86;8.5;5190;31140;5760.90;5.41;1.69;
Ewor Inc. ed-506*;TA;GL;7;5;440;1;0.83;16;7.00;20;1339.57;1545.41;15.4;1225.93;6.2;2200;35200;1826.00;19.28;2.75;
SV Diablero mk1;TA;SH;1;5;19;1;2.14;8;3.00;;112.79;145.08;28.6;101.49;10.0;95;760;203.30;3.74;1.25;
Dt-23 Gondolier*;TA;SH;2;5;15;1;1.50;6;2.20;;72.58;88.24;21.6;66.67;8.1;75;450;112.50;4.00;1.82;Homing
SV Diablero mk1 mod2;TA;SH;3;5;34;1;2.14;10;2.90;;224.48;277.65;23.7;204.87;8.7;170;1700;363.80;4.67;1.61;
Dt-23b Gondolier*;TA;SH;3;5;23;1;1.50;6;2.20;;111.29;135.29;21.6;102.22;8.1;115;690;172.50;4.00;1.82;Homing
Cavatrix 410;TA;SH;3;5;18;3;0.77;12;2.60;;138.55;166.29;20.0;127.89;7.7;270;1080;207.90;5.19;2.00;Homing 3 locks
SV Diablero mk1 mod3;TA;SH;4;5;67;1;2.14;10;2.80;;448.29;551.63;23.1;409.89;8.6;335;3350;716.90;4.67;1.67;
Dt-27 Gondolier*;TA;SH;4;5;42;1;1.50;8;2.20;;223.01;261.14;17.1;207.84;6.8;210;1680;315.00;5.33;2.42;Homing
SV Diablero mk2;TA;SH;5;5;133;1;2.14;10;2.80;;889.88;1095.03;23.1;813.66;8.6;665;6650;1423.10;4.67;1.67;
Dt-29 Gondolier 2*;TA;SH;5;5;83;1;1.50;8;2.10;;446.64;520.10;16.4;471.17;6.6;415;3320;622.50;5.33;2.54;Homing
Cavatrix 20;TA;SH;5;5;72;3;0.77;12;2.60;;554.22;665.15;20.0;511.56;7.7;1080;4320;831.60;5.19;2.00;Homing 3 locks
SV Diablero mk2 mod2;TA;SH;6;5;246;1;2.14;12;2.70;;1776.71;2121.46;19.4;1643.20;7.5;1230;14760;2632.20;5.61;2.08;
Dt-33 Sleighride*;TA;SH;6;5;166;1;1.50;8;2.10;;893.27;1040.21;16.4;834.35;6.6;830;6640;1245.00;5.33;2.54;Homing
SV Diablero mk3;TA;SH;7;5;492;1;2.14;12;2.70;;3553.43;4242.92;19.4;3286.40;7.5;2460;29520;5264.40;5.61;2.08;
Dt-35 Sleighride 2*;TA;SH;7;5;312;1;1.50;10;2.10;;1779.47;2021.60;13.6;1678.92;5.7;1560;15600;2340.00;6.67;3.17;Homing
Cavatrix 12;TA;SH;7;5;288;3;0.77;12;2.55;;2231.17;2670.87;19.7;2061.49;7.6;4320;17280;3326.40;5.19;2.04;Homing
Cavatrix 12 Auto#;TA;SH;7;5;416;1;4.29;8;2.70;;3645.28;5176.06;42.0;3175.69;12.9;2080;16640;8923.20;1.86;0.69;
E-Tac MG;TA;TU;1;1;10;1;5.00;N/A;N/A;;N/A;N/A;N/A;N/A;N/A;N/A;N/A;50.00;;N/A;
E-Tac MG;TA;TU;2;1;;1;5.00;N/A;N/A;;N/A;N/A;N/A;N/A;N/A;N/A;N/A;0.00;;N/A;
E-Tac MG;TA;TU;3;1;325;1;5.00;N/A;N/A;;N/A;N/A;N/A;N/A;N/A;N/A;N/A;1625.00;120;N/A;
E-Tac Plasma;TA;TU;1;1;100;1;0.50;N/A;N/A;;N/A;N/A;N/A;N/A;N/A;N/A;N/A;50.00;;N/A;
E-Tac Plasma;TA;TU;2;1;;1;0.50;N/A;N/A;;N/A;N/A;N/A;N/A;N/A;N/A;N/A;0.00;;N/A;
E-Tac Plasma;TA;TU;3;1;3200;1;0.50;N/A;N/A;;N/A;N/A;N/A;N/A;N/A;N/A;N/A;1600.00;120;N/A;
E-Tac Missile;TA;TU;1;1;;1;0.40;N/A;N/A;;N/A;N/A;N/A;N/A;N/A;N/A;N/A;0.00;;N/A;
E-Tac Missile;TA;TU;2;1;2000;1;0.40;N/A;N/A;;N/A;N/A;N/A;N/A;N/A;N/A;N/A;800.00;105;N/A;
E-Tac Autocannon;TA;TU;1;1;;1;8.00;N/A;N/A;;N/A;N/A;N/A;N/A;N/A;N/A;N/A;0.00;;N/A;
E-Tac Autocannon;TA;TU;2;1;214;1;8.00;N/A;N/A;;N/A;N/A;N/A;N/A;N/A;N/A;N/A;1712.00;90;N/A;
E-Tac Rocket;TA;TU;1;1;;1;0.67;N/A;N/A;;N/A;N/A;N/A;N/A;N/A;N/A;N/A;0.00;;N/A;
E-Tac Rocket;TA;TU;2;1;2400;1;0.67;N/A;N/A;;N/A;N/A;N/A;N/A;N/A;N/A;N/A;1608.00;90;N/A;
Norwood AR-F;TR;AR;1;1;22;1;10.00;45;3.00;;132.00;165.00;25.0;120.00;9.1;22;990;220.00;4.50;1.50;
Xinxabec Finder^;TR;AR;1;1;10;1;10.00;50;2.00;;71.43;83.33;16.7;66.67;6.7;10;500;100.00;5.00;2.50;Homing
Fleebus M-ARS a4;TR;AR;2;1;57;1;5.00;30;2.50;;201.18;235.86;17.2;187.40;6.8;57;1710;285.00;6.00;2.40;
Xinxabec Hemisect*;TR;AR;2;2;45;1;5.00;20;1.50;;327.27;378.95;15.8;306.38;6.4;90;1800;450.00;4.00;2.67;Forking
Norwood AR-F.1;TR;AR;3;1;39;1;10.00;60;3.00;;260.00;312.00;20.0;240.00;7.7;39;2340;390.00;6.00;2.00;
Fleebus M-ARS a5;TR;AR;3;1;87;1;5.00;35;2.50;;320.53;369.09;15.2;300.74;6.2;87;3045;435.00;7.00;2.80;
Xinxabec Hemisect s*;TR;AR;3;4;66;1;2.50;25;3.00;;507.69;573.91;13.0;480.00;5.5;264;6600;660.00;10.00;3.33;Forking
Norwood AR-F.2;TR;AR;4;1;76;1;10.00;60;2.90;;512.36;612.08;19.5;473.77;7.5;76;4560;760.00;6.00;2.07;
Fleebus M-ARS a6;TR;AR;4;1;150;1;6.00;35;2.30;;645.49;751.79;16.5;602.87;6.6;150;5250;900.00;5.83;2.54;
Xinxabec Hemisect r*;TR;AR;4;2;135;1;5.00;25;1.50;;1038.46;1173.91;13.0;981.82;5.5;270;6750;1350.00;5.00;3.33;Forking
Norwood AR-F.2 B;TR;AR;4;1;74;1;10.00;65;2.85;;514.44;606.94;18.0;478.01;7.1;74;4810;740.00;6.50;2.28;Bouncing
Norwood AR-F.3;TR;AR;5;1;145;1;10.00;70;2.90;;1025.25;1201.18;17.2;955.29;6.8;145;10150;1450.00;7.00;2.41;
Fleebus M-ARS a7;TR;AR;5;1;299;1;6.00;35;2.30;;1286.68;1498.57;16.5;1201.72;6.6;299;10465;1794.00;5.83;2.54;
Xinxabec Hemisect s2*;TR;AR;5;4;234;1;2.73;30;2.80;;2036.40;2266.52;11.3;1938.02;4.8;936;28080;2555.28;10.99;3.92;Forking
Norwood AR-F.3 B;TR;AR;5;1;141;1;10.00;75;2.85;;1021.74;1184.87;16.0;955.93;6.4;141;10575;1410.00;7.50;2.63;Bouncing
Norwood AR-G;TR;AR;6;1;287;1;10.00;70;2.80;;2050.00;2391.67;16.7;1913.33;6.7;287;20090;2870.00;7.00;2.50;
Fleebus M-ARS a8;TR;AR;6;1;570;1;6.00;40;2.20;;2571.43;2935.62;14.2;2421.24;5.8;570;22800;3420.00;6.67;3.03;
Norwood AR-G B;TR;AR;6;1;281;1;10.00;75;2.80;;2046.12;2367.98;15.7;1915.91;6.4;281;21075;2810.00;7.50;2.68;
Norwood AR-H;TR;AR;7;1;550;1;10.00;80;2.75;;4093.02;4693.33;14.7;3846.99;6.0;550;44000;5500.00;8.00;2.91;
Fleebus M-ARS a9;TR;AR;7;1;1068;1;6.00;50;2.10;;5118.21;5690.94;11.2;4873.00;4.8;1068;53400;6408.00;8.33;3.97;
Xinxabec Hemisect s3*;TR;AR;7;4;876;1;2.73;40;2.60;;8124.27;8786.35;8.1;7829.29;3.6;3504;140160;9565.92;14.65;5.64;Forking
Norwood AR-H B;TR;AR;7;1;550;1;10.00;80;2.75;;4093.02;4693.33;14.7;3846.99;6.0;550;44000;5500.00;8.00;2.91;Bouncing
Beezy Remhod u/01;TR;RL;1;1;159;1;0.75;6;2.25;7;93.07;104.55;12.3;88.23;5.2;159;954;119.25;8.00;3.56;
Tustin Albedo;TR;RL;2;1;78;3;0.67;12;2.00;7;117.44;134.29;14.3;110.51;5.9;234;936;156.78;5.97;2.99;Random spread
Beezy Remhod u/01a;TR;RL;3;1;268;1;0.79;6;2.00;10;167.59;187.09;11.6;159.29;5.0;268;1608;211.72;7.59;3.80;
Ukkonen D-919*;TR;RL;3;4;119;1;0.67;5;3.10;7;225.32;264.07;17.2;209.92;6.8;476;2380;318.92;7.46;2.41;Airburst
Beezy Remhod u/02;TR;RL;4;1;490;1;0.83;8;1.90;10;339.73;370.21;9.0;326.30;4.0;490;3920;406.70;9.64;5.07;
Tustin Qualdano;TR;RL;4;1;179;4;0.65;16;1.95;10;353.41;401.75;13.7;333.36;5.7;716;2864;465.40;6.15;3.16;Random spread
Ukkonen D-919 2*;TR;RL;4;4;235;1;0.67;5;3.00;7;449.22;524.40;16.7;419.17;6.7;940;4700;629.80;7.46;2.49;Airburst
Beezy Remhod u/03;TR;RL;5;1;821;1;0.91;8;1.90;15;614.34;674.25;9.8;588.20;4.3;821;6568;747.11;8.79;4.63;
Tustin Pentardo;TR;RL;5;1;282;5;0.67;20;1.95;10;712.11;812.08;14.0;670.82;5.8;1410;5640;944.70;5.97;3.06;Random spread
Ukkonen D-919 3*;TR;RL;5;4;440;1;0.67;5;2.80;10;857.48;992.93;15.8;802.72;6.4;1760;8800;1179.20;7.46;2.67;Airburst
Beezy Remhod u/04;TR;RL;6;1;1542;1;0.91;10;1.60;15;1224.88;1308.00;6.8;1187.16;3.1;1542;15420;1403.22;10.99;6.87;
Ukkonen D-919 4*;TR;RL;6;4;787;1;0.67;5;2.75;15;1541.22;1781.01;15.6;1444.01;6.3;3148;15740;2109.16;7.46;2.71;
Beezy Remhod u/x;TR;RL;7;1;2720;1;0.91;10;1.50;20;2177.91;2317.06;6.4;2114.43;2.9;2720;27200;2475.20;10.99;7.33;
Tustin Septimuth;TR;RL;7;1;707;7;0.59;28;1.95;20;2267.67;2552.79;12.6;2147.73;5.3;4949;19796;2919.91;6.78;3.48;Random spread
El Gigante^;TR;RL;7;8;1880;1;0.33;10;5.00;20;4260.26;4584.94;7.6;4114.57;3.4;15040;150400;4963.20;30.30;6.06;Airburst
RLF-17 Floorboard#;TR;RL;7;6;878;1;0.50;6;2.95;20;2114.25;2345.68;10.9;2014.85;4.7;5268;31608;2634.00;12.00;4.07;Airburst
Pesticide Gun;TR;RL;8;1;500000;1;N/A;1;15.00;150;31250.00;N/A;N/A;N/A;N/A;N/A;500000;500000;N/A;N/A;
Hammurabi C-6 Stentor^;TR;ML;1;4;41;1;0.67;4;3.00;7;73.13;87.82;20.1;67.49;7.7;164;656;109.88;5.97;1.99;
Dunruh RA-q#;TR;ML;1;1;49;6;0.50;12;3.00;10;84.00;106.91;27.3;75.87;9.7;294;588;147.00;4.00;1.33;3 manual locks
Hammurabi LAW;TR;ML;2;1;158;1;0.79;6;2.50;2;93.91;107.18;14.1;88.43;5.8;158;948;124.82;7.59;3.04;
y-12 Gorgona;TR;ML;2;4;37;1;0.70;5;3.00;7;72.96;85.62;17.4;67.93;6.9;148;740;103.60;7.14;2.38;
Hammurabi CODE 1*;TR;ML;2;1;173;4;1.25;4;3.50;2;160.93;271.37;68.6;133.72;16.9;692;692;865.00;0.80;0.23;
Hammurabi LAW Mk. 2;TR;ML;3;1;235;1;0.83;6;2.20;2;149.54;169.29;13.2;141.30;5.5;235;1410;195.05;7.23;3.29;
Hammurabi CODE 2*;TR;ML;3;1;201;6;0.83;6;3.50;2;256.33;408.15;59.2;216.14;15.7;1206;1206;1000.98;1.20;0.34;
Hammurabi LAW Mk. 3;TR;ML;4;1;351;1;0.83;8;2.20;10;237.19;261.49;10.2;226.66;4.4;351;2808;291.33;9.64;4.38;
y-13 Gorgona*;TR;ML;4;4;94;1;0.75;8;2.90;10;221.72;248.25;12.0;210.47;5.1;376;3008;282.00;10.67;3.68;
Hammurabi LAW Mk. 4;TR;ML;5;1;702;1;0.83;8;2.20;10;474.38;522.98;10.2;453.32;4.4;702;5616;582.66;9.64;4.38;
y-14 Gorgona*;TR;ML;5;6;110;1;0.77;8;2.85;15;398.80;446.90;12.1;378.44;5.1;660;5280;508.20;10.39;3.65;
Hammurabi LAW Mk. 5;TR;ML;6;1;1366;1;0.86;8;2.15;10;954.22;1053.07;10.4;911.44;4.5;1366;10928;1174.76;9.30;4.33;
Hammurabi CODE 3*;TR;ML;6;1;983;8;0.75;8;2.45;2;2078.59;3073.88;47.9;1788.97;13.9;7864;7864;5898.00;1.33;0.54;
Hammurabi LAW Mk. 6;TR;ML;7;1;2345;1;0.86;8;2.15;15;1638.10;1807.79;10.4;1564.66;4.5;2345;18760;2016.70;9.30;4.33;
y-16 Gorgona*;TR;ML;7;6;383;1;0.77;8;2.60;20;1415.28;1572.68;11.1;1347.84;4.8;2298;18384;1769.46;10.39;4.00;
Clontarf GL1;TR;GL;1;1;167;1;1.00;6;3.80;7;102.24;126.84;24.1;93.21;8.8;167;1002;167.00;6.00;1.58;
Dunruh BrickBat;TR;GL;2;1;99;3;0.77;24;2.50;7;184.33;204.13;10.7;175.81;4.6;297;2376;228.69;10.39;4.16;
Clontarf ChronoCluster*;TR;GL;2;2;223;1;1.00;4;2.90;10;258.55;327.34;26.6;233.97;9.5;446;1784;446.00;4.00;1.38;Timed
Clontarf GL2;TR;GL;3;1;321;1;1.07;6;3.80;7;204.73;256.54;25.3;185.95;9.2;321;1926;343.47;5.61;1.48;
Dunruh NailBat d.0*;TR;GL;3;1;176;3;0.63;24;3.00;7;269.07;297.50;10.6;256.80;4.6;528;4224;332.64;12.70;4.23;Sticky
Clontarf GL3;TR;GL;4;1;513;1;1.07;9;3.50;10;387.62;454.37;17.2;361.09;6.8;513;4617;548.91;8.41;2.40;
Dunruh BrickBat m2;TR;GL;4;1;233;4;0.73;32;2.40;10;558.13;613.21;9.9;534.14;4.3;932;7456;680.36;10.96;4.57;
Clontarf CB-ef^;TR;GL;4;5;205;1;1.00;6;4.00;10;615.00;768.75;25.0;559.09;9.1;1025;6150;1025.00;6.00;1.50;
Clontarf GL4;TR;GL;5;1;1026;1;1.07;9;3.50;10;775.24;908.75;17.2;722.18;6.8;1026;9234;1097.82;8.41;2.40;
Dunruh NailBat d.1*;TR;GL;5;1;505;4;0.59;40;3.00;7;1012.57;1094.90;8.1;975.89;3.6;2020;20200;1191.80;16.95;5.65;Sticky
Clontarf ChronoCluster 2*;TR;GL;5;3;786;1;1.11;4;2.70;15;1496.29;1904.07;27.3;1351.56;9.7;2358;9432;2617.38;3.60;1.33;Timed
Clontarf GL5;TR;GL;6;1;1593;1;1.07;12;3.30;15;1316.99;1485.90;12.8;1246.16;5.4;1593;19116;1704.51;11.21;3.40;
Dunruh Nailbat d.2*;TR;GL;6;1;954;4;0.59;40;2.95;7;1917.67;2071.19;8.0;1849.14;3.6;3816;38160;2251.44;16.95;5.75;Sticky
Clontarf ChronoCluster 3*;TR;GL;6;3;1572;1;1.11;4;2.70;15;2992.57;3808.14;27.3;2703.12;9.7;4716;18864;5234.76;3.60;1.33;Timed
Clontarf GL6;TR;GL;7;1;2601;1;1.20;12;3.30;20;2346.77;2679.14;14.2;2209.70;5.8;2601;31212;3121.20;10.00;3.03;
Dunruh BrickBat m3;TR;GL;7;1;1371;5;0.68;50;2.40;15;4007.39;4309.73;7.5;3871.59;3.4;6855;68550;4661.40;14.71;6.13;
Dunruh NailBat d.3*;TR;GL;7;1;1196;6;0.53;60;2.90;15;3296.59;3531.86;7.1;3190.34;3.2;7176;71760;3803.28;18.87;6.51;Sticky
Clontarf ChronoCluster 4*;TR;GL;7;4;2096;1;1.11;4;2.70;20;5320.13;6770.02;27.3;4805.55;9.7;8384;33536;9306.24;3.60;1.33;Timed
Povros SSG12;TR;SH;1;6;30;1;1.20;8;2.60;;155.40;180.75;16.3;145.21;6.6;180;1440;216.00;6.67;2.56;
Slambore S#;TR;SH;1;4;14;1;2.00;8;2.40;;70.00;86.15;23.1;64.00;8.6;56;448;112.00;4.00;1.67;Homing
Povros SSG12m;TR;SH;3;6;56;1;1.30;8;2.60;;307.07;360.62;17.4;285.84;6.9;336;2688;436.80;6.15;2.37;
Notch LLC Superchoke*;TR;SH;3;6;31;3;0.71;18;2.15;;315.83;351.47;11.3;300.59;4.8;558;3348;396.18;8.45;3.93;
Povros SSG12n;TR;SH;4;6;97;1;1.30;12;2.30;;605.68;672.78;11.1;576.92;4.7;582;6984;756.60;9.23;4.01;
Notch LLC Openchoke*;TR;SH;4;6;63;3;0.71;18;2.15;;641.84;714.28;11.3;610.87;4.8;1134;6804;805.14;8.45;3.93;
Povros SSG12o;TR;SH;5;6;176;1;1.43;12;2.30;;1185.23;1328.08;12.1;1124.74;5.1;1056;12672;1510.08;8.39;3.65;
Notch LLC Ultrachoke*;TR;SH;5;6;125;3;0.71;18;2.15;;1273.50;1417.22;11.3;1212.04;4.8;2250;13500;1597.50;8.45;3.93;
Povros SSG12p;TR;SH;6;6;326;1;1.43;16;2.05;;2363.96;2562.35;8.4;2275.86;3.7;1956;31296;2797.08;11.19;5.46;
Notch LLC Widechoke*;TR;SH;6;6;321;1;1.43;18;2.10;;2360.39;2542.12;7.7;2278.93;3.5;1926;34668;2754.18;12.59;5.99;
Povros SSG12r;TR;SH;7;6;650;1;1.43;16;2.00;;4731.28;5119.45;8.2;4558.47;3.7;3900;62400;5577.00;11.19;5.59;
Notch LLC Uberchoke*;TR;SH;7;6;609;1;1.50;18;2.10;;4664.68;5040.00;8.0;4497.23;3.6;3654;65772;5481.00;12.00;5.71;
Notch LLC Nilchoke*;TR;SH;7;6;609;1;1.50;18;2.10;;4664.68;5040.00;8.0;4497.23;3.6;3654;65772;5481.00;12.00;5.71;
Povros SSG12HX*;TR;SH;7;6;591;1;0.91;6;3.00;;2217.77;2628.81;18.5;2056.96;7.3;3546;21276;3226.86;6.59;2.20;Homing
Deinveld TR-359;TR;SR;2;1;232;1;1.25;4;3.00;;149.68;197.45;31.9;133.53;10.8;232;928;290.00;3.20;1.07;
McGurgen FZ611;TR;SR;4;1;1167;1;0.63;5;2.80;;543.47;624.97;15.0;510.21;6.1;1167;5835;735.21;7.94;2.83;
Cepuelta-D#;TR;SR;4;3;380;1;1.20;2;3.00;;488.57;720.00;47.4;420.92;13.8;1140;2280;1368.00;1.67;0.56;Forking
Deinveld TR-559;TR;SR;6;1;2473;1;1.25;6;3.00;;1902.31;2355.24;23.8;1735.44;8.8;2473;14838;3091.25;4.80;1.60;
McGurgen FZ;TR;SR;7;1;8599;1;0.63;7;2.80;;4326.97;4811.16;11.2;4119.67;4.8;8599;60193;5417.37;11.11;3.97;
