{
  "CONFIG.SGO": {
    "patch": {
      "SoldierInit.[0].[4].[0].[2]": {
        "type": "ptr",
        "value": [
          {
            "type": "int",
            "value": 0
          },
          {
            "type": "int",
            "value": 1
          },
          {
            "type": "int",
            "value": 2
          },
          {
            "type": "int",
            "value": 3
          },
          {
            "type": "int",
            "value": 4
          },
          {
            "type": "int",
            "value": 5
          },
          {
            "type": "int",
            "value": 6
          },
          {
            "type": "int",
            "value": 7
          }
        ]
      },
      "SoldierInit.[0].[4].[1].[2]": {
        "type": "ptr",
        "value": [
          {
            "type": "int",
            "value": 0
          },
          {
            "type": "int",
            "value": 2
          },
          {
            "type": "int",
            "value": 3
          },
          {
            "type": "int",
            "value": 4
          },
          {
            "type": "int",
            "value": 5
          },
          {
            "type": "int",
            "value": 6
          },
          {
            "type": "int",
            "value": 7
          }
        ]
      },
      "SoldierWeaponCategory.[7]": {
        "type": "ptr",
        "value": [
          {
            "type": "string",
            "value": "Weapon_Vehicle"
          }
        ]
      }
    }
  },
  "TEXTTABLE_STEAM_EN.TXT_SGO": {
    "upsert": {
      "Weapon_Vehicle": {
        "type": "string",
        "name": "Weapon_Vehicle",
        "value": "Vehicles"
      }
    }
  }
}
